{"bin0": [0.0, 0.5882055786990179, 1.0636262508490404, 0.9371234607228729, 1.0372607769643878, 0.98883322797586, 0.8493070825940237, 1.6496034694817325, 1.00126487109047, 0.9177747651019956, 1.5601699821306738, 1.222948329163529, 1.5813632352269025, 1.1640964151408326, 0.8399515835259308, 0.9196126212158617, 1.361055994723074, 1.4339100347462335, 1.837176575136155, 1.5559824843206087, 1.9600811869109833, 2.6622664922099943, 1.7679346469333268, 0.718233909479153, 1.4306043032330251, 0.5731360985427187, 1.9043908331053103, 1.8466628387215138, 0.9152509716148529, 0.9567082547606134, 1.8112769610124104, 1.1771225707477555, 1.0186924806836544, 1.4934593381692167, 1.881800385464345, 0.030773523983114615, 0.08381589319073157, 0.9132397520510551, 1.180162222780325, 1.6026730413108226, 0.42497278632316693, 0.17692838218147244, 3.002133045286257, 0.5142390400336865, 2.2300769273386294, 2.3561133902110925, 0.35979961461582377, 0.4699511910228438, 0.7673531504292868, 0.9642806603699086, 1.6554736240919965, 0.8891152394789827, 1.8724986464933409, 1.2115385392046107, 2.1257321203998316, 0.8590024795784501, 0.07207490461223642, 0.7480793460995869, 0.0, 1.758014812585742, 2.268803963529976, 2.2086181969752516, 0.7917173793064336, 1.114067530993296, 0.8366508325698447, 1.862892482150528, 1.4744869198341064, 0.9395719609793218, 0.0, 0.6832181297505713, 0.8502917301396167, 0.0, 0.5210718569962722, 0.562232482805868, 0.6460988275861013, 1.4796272483287396, 1.4321452509852293, 1.4262161356054435, 1.055017596217823, 1.0740402126105408, 0.5474956638514925, 0.826395477359398, 0.7061701161426157, 2.082509594807405, 1.9090019774880176, 0.5489788776888815, 0.10276597442421576, 1.3113646959210286, 1.9143535046098634, 0.2619199353463557, 0.8870778497088736, 0.6827342170972486, 0.17358740732888123, 1.465573028677042, 0.6107916842745311, 0.8507702504003873, 2.055932336192896, 1.5830567857960176, 0.6572752374858624, 0.5050562086715757, 0.10918462957613428], "bin1": [0.0, 0.6338090115162913, 1.2071426673595766, 1.1965578074396035, 1.278671952416076, 1.3323321426860275, 1.5363790824965093, 1.743489309229716, 1.4240716913725606, 2.1564886662982445, 1.7400281261482746, 1.741986796377347, 1.8213478512161174, 1.4502113816559756, 1.6832630271485982, 1.9751949955896038, 2.117482768073444, 1.7571729194475978, 2.2780872832499455, 2.9872584126060673, 3.16688952354167, 3.465413291692343, 3.776175978676065, 3.6476367432211987, 3.2003599617321328, 3.0830241729905055, 3.2241634275356006, 3.0985903594794593, 3.8921488094161276, 3.497656705419672, 4.101815951669025, 3.3621083935777563, 3.162914576880482, 2.7180113241920196, 2.2236172590190506, 2.469763122290459, 2.2257581499320906, 4.101769913765793, 2.7884485734607267, 2.5379482295681157, 3.7709677343090817, 3.240991219596552, 2.907323663158266, 3.5020440131488044, 3.641110039209593, 3.3970466550304934, 2.53972386066755, 3.0336619456299303, 3.3875915107489334, 4.013747733326383, 3.922448915907495, 3.943615210825641, 4.456737617077096, 4.750375613030926, 4.39947659554106, 4.075535776136093, 5.2302153610496305, 3.501420532276285, 3.4825746987894775, 3.045552661070772, 3.1125230844284175, 3.6091211249749904, 4.1983546600092865, 6.557406272921654, 4.9744706030077595, 7.123613810095492, 7.103784042426966, 5.96920099047064, 4.660581341007273, 5.776099305683317, 6.094046828866581, 4.3354069523266645, 5.322785568386394, 5.39496414747812, 5.707369859775284, 7.32611437937463, 7.374471721185657, 7.092264778090168, 4.323903672033367, 6.655473768460666, 5.329726128384706, 4.913287679194568, 4.705971105836667, 5.256825897392119, 4.980564172379829, 4.998359794120773, 5.43979664266179, 5.137847320197409, 5.273737528354005, 5.817719633626496, 9.59911977773551, 8.998298566570924, 6.2204495369716994, 9.616415374954045, 7.936320782630247, 8.2984757793824, 5.4925273606439475, 10.418848293139845, 8.64586938626077, 7.522180480330988, 8.43072030740582], "bin2": [0.0, 0.7713709033520786, 1.3843914403955608, 1.5320585470740014, 1.77616417696062, 2.0772108909868763, 2.621776791642773, 1.493610735550945, 3.2162761513677225, 4.980933787304991, 2.3748224590504634, 3.7377433347696325, 3.3222558982058388, 3.9022589914977885, 4.900640530827701, 5.1318931629190985, 5.019195827563166, 4.140840378199613, 4.2757089247707825, 6.113071290892805, 5.563094135518114, 5.501863384426073, 7.349036123751603, 9.107228683357107, 6.517158226396077, 8.124399348362857, 6.456016355564998, 5.900287229577302, 9.69476298452851, 8.404647421003062, 8.149483125231356, 8.501257459267805, 7.344697811095941, 6.191068280705409, 4.777590664234651, 8.35797203360005, 8.509994528210555, 10.247927809139554, 7.437788316099741, 6.771930106226918, 10.548175812455597, 10.83794826644619, 5.093430371850772, 11.94780587710008, 7.8871333293442945, 7.758607321054399, 10.09691975685547, 10.768323076752424, 10.561622480867072, 11.596699596983228, 9.566515909209883, 11.121339368505161, 10.290839290359713, 12.927640993169106, 10.181607483182873, 12.94873324456836, 15.830397146674414, 10.131498274439906, 12.781583825777133, 7.929855648767983, 7.122849132579788, 8.288061666086747, 12.471656002592496, 17.25657033915971, 13.716548667603874, 16.05290870266782, 17.04814041943446, 16.000498219564633, 16.310362876900285, 16.943856979493333, 16.891773218639855, 16.299181288509033, 16.96171459511855, 17.776667489907624, 18.42456293523003, 18.28260225360465, 18.526640727921077, 18.67325602651654, 15.855677271099424, 17.13235714718654, 17.15973616487959, 16.05063837477971, 17.04989038308034, 14.28803471140776, 13.150959288601044, 15.686680239553496, 16.830661482541544, 14.245649654209345, 13.143992461919723, 17.506758984219715, 22.907333826462036, 23.882629923144705, 19.635658946727602, 23.194064962345507, 21.284094624696323, 22.496436597936167, 14.83260396809213, 26.43526157575552, 23.829438287939, 22.710384639543435, 24.13855940551602], "bin3": [0.0, 0.7438092619880052, 1.2130900921820853, 1.282561218970315, 1.5255403939213465, 1.7095718293162179, 1.9801774282067441, 1.3934702505782184, 2.6386785752177815, 3.6932690436449462, 2.3196204500104045, 3.1459138110244282, 3.046871145017022, 3.5556333080359366, 4.068253921879474, 3.9633198520226216, 4.108053155600018, 3.807513564627783, 3.781749719169156, 4.837858149198524, 4.230007559079894, 4.801754141552195, 5.384913062943696, 6.197533783553638, 4.848575561697814, 5.809517627681984, 5.031044485453307, 4.641915231602255, 6.6518138349889, 5.939377568255281, 6.045865635136678, 6.2074836898149215, 5.238051847788597, 4.8469882599777065, 4.153360203581769, 6.19482904296359, 6.54019578864002, 7.331934213339878, 5.931588843246217, 5.667284634465261, 7.588934959121005, 7.811370433653082, 4.951941671202292, 8.982940574731742, 6.773354988920914, 7.116369259998137, 8.193990201619016, 8.206885320242819, 8.251115842387264, 8.739779011728373, 7.548091868552248, 8.199362313886724, 7.972184309337493, 9.08396557351773, 8.048948472738942, 9.516478270519627, 10.956125656650656, 7.424557552542609, 9.406985010965954, 6.218211613011945, 6.188127304180952, 6.72148136926009, 9.235084576653065, 11.903813158936572, 9.604726798986249, 10.980774409027092, 11.420281695394237, 11.553607420125957, 11.680844941468393, 11.985435504781222, 12.025731713469867, 12.632110472689575, 12.44299728111568, 13.117795267619655, 13.559550700344232, 12.644278066759597, 13.599226121135587, 13.433166795247232, 12.599997081286773, 12.134351582810837, 12.695495016400443, 12.198633417562718, 13.20435589793162, 11.348088763816364, 10.265547704672969, 11.678081150868266, 11.802318765811577, 10.043376256839778, 9.576357485900047, 11.873296412865159, 14.815712190939365, 16.17169154219279, 13.795118682378444, 15.309101842576837, 14.157167327023302, 15.424758601984323, 11.446062751382073, 18.05458998967498, 16.491254660522173, 16.426459417497966, 16.229223045122538]}
